URL,
http://12thman.com/staff-directory,
http://aamusports.com/staff-directory,
http://abbeyathletics.com/staff-directory,
http://abingtonsports.com/staff-directory,
http://acusports.com/staff-directory,
http://adrianbulldogs.com/staff-directory,
http://ahearnfund.com/staff-directory,
http://aicyellowjackets.com/staff-directory,
http://alleghenygators.com/staff-directory,
http://amcsportsonline.com/staff-directory,
http://americaeast.com/staff-directory,
http://appstatesports.com/staff-directory,
http://aqsaints.com/staff-directory,
http://arcadiaknights.com/staff-directory,
http://arizonawildcats.com/staff-directory,
http://arkansastechsports.com/staff-directory,
http://armynavygame.com/staff-directory,
http://artuathletics.com/staff-directory,
http://asburyeagles.com/staff-directory,
http://ascscotties.com/staff-directory,
http://ascsports.org/staff-directory,
http://astateredwolves.com/staff-directory,
http://asugoldenrams.com/staff-directory,
http://asugrizzlies.com/staff-directory,
http://athletics.alverno.edu/staff-directory,
http://athletics.amherst.edu/staff-directory,
http://athletics.apu.edu/staff-directory,
http://athletics.augsburg.edu/staff-directory,
http://athletics.augustana.edu/staff-directory,
http://athletics.aurora.edu/staff-directory,
http://athletics.baruch.cuny.edu/staff-directory,
http://athletics.bellarmine.edu/staff-directory,
http://athletics.bethel.edu/staff-directory,
http://athletics.biola.edu/staff-directory,
http://athletics.bowdoin.edu/staff-directory,
http://athletics.capital.edu/staff-directory,
http://athletics.carleton.edu/staff-directory,
http://athletics.carthage.edu/staff-directory,
http://athletics.central.edu/staff-directory,
http://athletics.claflin.edu/staff-directory,
http://athletics.cncc.edu/staff-directory,
http://athletics.concordia.edu/staff-directory,
http://athletics.covenant.edu/staff-directory,
http://athletics.crown.edu/staff-directory,
http://athletics.csi.edu/staff-directory,
http://athletics.delval.edu/staff-directory,
http://athletics.desales.edu/staff-directory,
http://athletics.elmira.edu/staff-directory,
http://athletics.gcc.edu/staff-directory,
http://athletics.geneva.edu/staff-directory,
http://athletics.georgefox.edu/staff-directory,
http://athletics.gordon.edu/staff-directory,
http://athletics.hamilton.edu/staff-directory,
http://athletics.hanover.edu/staff-directory,
http://athletics.holyfamily.edu/staff-directory,
http://athletics.houghton.edu/staff-directory,
http://athletics.ithaca.edu/staff-directory,
http://athletics.kenyon.edu/staff-directory,
http://athletics.loc.edu/staff-directory,
http://athletics.lsue.edu/staff-directory,
http://athletics.macalester.edu/staff-directory,
http://athletics.middlebury.edu/staff-directory,
http://athletics.millikin.edu/staff-directory,
http://athletics.misericordia.edu/staff-directory,
http://athletics.mountunion.edu/staff-directory,
http://athletics.northpark.edu/staff-directory,
http://athletics.oakwood.edu/staff-directory,
http://athletics.parkland.edu/staff-directory,
http://athletics.plymouth.edu/staff-directory,
http://athletics.rose-hulman.edu/staff-directory,
http://athletics.setonhill.edu/staff-directory,
http://athletics.sfu.ca//staff-directory,
http://athletics.sjfc.edu/staff-directory,
http://athletics.skagit.edu/staff-directory,
http://athletics.snc.edu/staff-directory,
http://athletics.stolaf.edu/staff-directory,
http://athletics.stvincent.edu/staff-directory,
http://athletics.sunyulster.edu/staff-directory,
http://athletics.thomas.edu/staff-directory,
http://athletics.uindy.edu/staff-directory,
http://athletics.une.edu/staff-directory,
http://athletics.uwsp.edu/staff-directory,
http://athletics.wesleyan.edu/staff-directory,
http://athletics.westminster.edu/staff-directory,
http://athletics.westmont.edu/staff-directory,
http://athletics.wheaton.edu/staff-directory,
http://athletics.whitman.edu/staff-directory,
http://atlantic10.com/staff-directory,
http://atlanticeast.com/staff-directory,
http://atlantichockeyonline.com/staff-directory,
http://auburntigers.com/staff-directory,
http://aueagles.com/staff-directory,
http://augustajags.com/staff-directory,
http://aumathletics.com/staff-directory,
http://auwolves.com/staff-directory,
http://auyellowjackets.com/staff-directory,
http://ballstatesports.com/staff-directory,
http://bamastatesports.com/staff-directory,
http://bantamsports.com/staff-directory,
http://bardathletics.com/staff-directory,
http://bartonbulldogs.com/staff-directory,
http://baylorbears.com/staff-directory,
http://bcbearsathletics.com/staff-directory,
http://bcccpanthers.com/staff-directory,
http://bceagles.com/staff-directory,
http://bcrams.com/staff-directory,
http://bcuathletics.com/staff-directory,
http://bcuchargers.com/staff-directory,
http://beaconsathletics.com/staff-directory,
http://bearcatsports.com/staff-directory,
http://beloitcollegeathletics.com/staff-directory,
http://benedicttigers.com/staff-directory,
http://benueagles.com/staff-directory,
http://bereaathletics.com/staff-directory,
http://bergathletics.com/staff-directory,
http://berryvikings.com/staff-directory,
http://bethelthreshers.com/staff-directory,
http://bgsufalcons.com/staff-directory,
http://bhsuathletics.com/staff-directory,
http://big12sports.com/staff-directory,
http://bigeast.com/staff-directory,
http://bigsouthsports.com/staff-directory,
http://bigten.org/staff-directory,
http://bigwest.org/staff-directory,
http://blazers.belhaven.edu/staff-directory,
http://bluehens.com/staff-directory,
http://bmccathletics.com/staff-directory,
http://bowlseason.com/staff-directory,
http://bradleybraves.com/staff-directory,
http://bronchosports.com/staff-directory,
http://broncosports.com/staff-directory,
http://bronxbroncos.com/staff-directory,
http://brooklyncollegeathletics.com/staff-directory,
http://brownbears.com/staff-directory,
http://brynathynathletics.com/staff-directory,
http://bscsports.net/staff-directory,
http://bubearcats.com/staff-directory,
http://bucknellbison.com/staff-directory,
http://buffalostateathletics.com/staff-directory,
http://buhuskies.com/staff-directory,
http://bushnellbeacons.com/staff-directory,
http://butlersports.com/staff-directory,
http://bvuathletics.com/staff-directory,
http://caasports.com/staff-directory,
http://calbears.com/staff-directory,
http://caldwellathletics.com/staff-directory,
http://calvulcans.com/staff-directory,
http://camelathletics.com/staff-directory,
http://campbellsvilletigers.com/staff-directory,
http://carrollathletics.com/staff-directory,
http://castletonsports.com/staff-directory,
http://catamountsports.com/staff-directory,
http://cazenoviawildcats.com/staff-directory,
http://cbchawks.com/staff-directory,
http://cbulancers.com/staff-directory,
http://cccyetis.com/staff-directory,
http://cciw.org/staff-directory,
http://ccnyathletics.com/staff-directory,
http://cctigers.com/staff-directory,
http://ccucougars.com/staff-directory,
http://cedarcrestathletics.com/staff-directory,
http://centenarycyclones.com/staff-directory,
http://centrecolonels.com/staff-directory,
http://chadroneagles.com/staff-directory,
http://charlotte49ers.com/staff-directory,
http://chawomenshockey.com/staff-directory,
http://chicowildcats.com/staff-directory,
http://citadelsports.com/staff-directory,
http://citycollegesofchicagoathletics.com/staff-directory,
http://clarkatlantasports.com/staff-directory,
http://clarkpenguins.com/staff-directory,
http://clarksonathletics.com/staff-directory,
http://claytonstatesports.com/staff-directory,
http://cmsvathletics.com/staff-directory,
http://cmuchippewas.com/staff-directory,
http://cmumavericks.com/staff-directory,
http://coahomasports.com/staff-directory,
http://cofcsports.com/staff-directory,
http://colby-sawyerathletics.com/staff-directory,
http://colbyathletics.com/staff-directory,
http://colgateathletics.com/staff-directory,
http://collegiateequestrian.com/staff-directory,
http://conferencecarolinas.com/staff-directory,
http://conferenceusa.com/staff-directory,
http://coppinstatesports.com/staff-directory,
http://corbanwarriors.com/staff-directory,
http://cornellrams.com/staff-directory,
http://cortlandreddragons.com/staff-directory,
http://cottonbowl.com/staff-directory,
http://cruathletics.com/staff-directory,
http://csacsports.com/staff-directory,
http://csidolphins.com/staff-directory,
http://csncoyotes.com/staff-directory,
http://cspbears.com/staff-directory,
http://csssaints.com/staff-directory,
http://csucougars.com /staff-directory,
http://csurams.com/staff-directory,
http://csusmcougars.com/staff-directory,
http://csusports.com/staff-directory,
http://cubuffs.com/staff-directory,
http://cugoldeneagles.com/staff-directory,
http://cuhpioneers.com/staff-directory,
http://cumberlandspatriots.com/staff-directory,
http://cunyathletics.com/staff-directory,
http://cuse.com/staff-directory,
http://cyclones.com/staff-directory,
http://daemenwildcats.com/staff-directory,
http://danvillejaguars.com/staff-directory,
http://dartmouthsports.com/staff-directory,
http://davenportnvsports.com/staff-directory,
http://davidsonwildcats.com/staff-directory,
http://daytonflyers.com/staff-directory,
http://dbupatriots.com/staff-directory,
http://dccsports.com/staff-directory,
http://deanbulldogs.com/staff-directory,
http://delgadoathletics.com/staff-directory,
http://denisonbigred.com/staff-directory,
http://denverpioneers.com/staff-directory,
http://depaulbluedemons.com/staff-directory,
http://dixiestateathletics.com/staff-directory,
http://dominicanathletics.com/staff-directory,
http://drewrangers.com/staff-directory,
http://drexeldragons.com/staff-directory,
http://drurypanthers.com/staff-directory,
http://dsroadrunners.com/staff-directory,
http://dsuhornets.com/staff-directory,
http://duhawks.com/staff-directory,
http://dupanthers.com/staff-directory,
http://durhamlords.com/staff-directory,
http://dustars.com/staff-directory,
http://dutchessfalcons.com/staff-directory,
http://eastbaypioneers.com/staff-directory,
http://easternshorehawks.com/staff-directory,
http://ecacsports.com/staff-directory,
http://ecsuvikings.com/staff-directory,
http://ecupirates.com/staff-directory,
http://ecutigers.com/staff-directory,
http://elmhurstbluejays.com/staff-directory,
http://empire8.com/staff-directory,
http://emueagles.com/staff-directory,
http://eousports.com/staff-directory,
http://ephsports.williams.edu/staff-directory,
http://erauathletics.com/staff-directory,
http://erskinesports.com/staff-directory,
http://esuhornets.com/staff-directory,
http://esuwarriors.com/staff-directory,
http://famuathletics.com/staff-directory,
http://faulknereagles.com/staff-directory,
http://fausports.com/staff-directory,
http://fdudevils.com/staff-directory,
http://fduknights.com/staff-directory,
http://fgcuathletics.com/staff-directory,
http://fhsuathletics.com/staff-directory,
http://fightingfalcons.com/staff-directory,
http://fightinghawks.com/staff-directory,
http://fightingillini.com/staff-directory,
http://fightingtigers.cobleskill.edu/staff-directory,
http://fire.seu.edu/staff-directory,
http://fittigers.com/staff-directory,
http://fiusports.com/staff-directory,
http://flaglerathletics.com/staff-directory,
http://floridagators.com/staff-directory,
http://floridatechsports.com/staff-directory,
http://fmuathletics.com/staff-directory,
http://fmupatriots.com/staff-directory,
http://fordhamsports.com/staff-directory,
http://fpuathletics.com/staff-directory,
http://fredoniabluedevils.com/staff-directory,
http://friars.com/staff-directory,
http://frontierconference.com/staff-directory,
http://frostburgsports.com/staff-directory,
http://fscmocs.com/staff-directory,
http://fsubroncos.com/staff-directory,
http://furmanpaladins.com/staff-directory,
http://gamecocksonline.com/staff-directory,
http://gannonsports.com/staff-directory,
http://gbcathletics.com/staff-directory,
http://gclancers.com/staff-directory,
http://gculions.com/staff-directory,
http://gculopes.com/staff-directory,
http://geauxcolonels.com/staff-directory,
http://generalssports.com/staff-directory,
http://georgiadogs.com/staff-directory,
http://georgiastatesports.com/staff-directory,
http://getsomemaction.com/staff-directory,
http://ggcathletics.com/staff-directory,
http://ghcathletics.com/staff-directory,
http://give.cuse.com/staff-directory,
http://glvcsports.com/staff-directory,
http://go-knights.net/staff-directory,
http://goairforcefalcons.com/staff-directory,
http://goargos.com/staff-directory,
http://goarmywestpoint.com/staff-directory,
http://goashlandeagles.com/staff-directory,
http://goaugie.com/staff-directory,
http://goaztecs.com/staff-directory,
http://gobarrybucs.com/staff-directory,
http://gobatesbobcats.com/staff-directory,
http://gobattlers.com/staff-directory,
http://gobattlinbears.com/staff-directory,
http://gobearcats.com/staff-directory,
http://gobearkats.com/staff-directory,
http://gobennies.com/staff-directory,
http://gobison.com/staff-directory,
http://goblackbears.com/staff-directory,
http://gobluehose.com/staff-directory,
http://goblueraiders.com/staff-directory,
http://gobobcats.com/staff-directory,
http://gobonnies.com/staff-directory,
http://gobrits.com/staff-directory,
http://gobrockport.com/staff-directory,
http://gobroncs.com/staff-directory,
http://gobstate.com/staff-directory,
http://gobuffsgo.com/staff-directory,
http://gobulldogs.com/staff-directory,
http://gocamels.com/staff-directory,
http://gocardinalsports.com/staff-directory,
http://gocards.com/staff-directory,
http://goccaa.org/staff-directory,
http://goccusports.com/staff-directory,
http://gochapsgo.com/staff-directory,
http://gochathamcougars.com/staff-directory,
http://gocolumbialions.com/staff-directory,
http://goconqs.com /staff-directory,
http://gocougarsports.com/staff-directory,
http://gocreighton.com/staff-directory,
http://gocrimson.com/staff-directory,
http://gocsucougars.com/staff-directory,
http://gocsudefenders.com/staff-directory,
http://gocuhawks.com/staff-directory,
http://godeacs.com/staff-directory,
http://godiggers.com/staff-directory,
http://godrakebulldogs.com/staff-directory,
http://goducks.com/staff-directory,
http://goduke.com/staff-directory,
http://goduquesne.com/staff-directory,
http://godustdevils.com/staff-directory,
http://goeags.com/staff-directory,
http://goearlham.com/staff-directory,
http://goeasternathletics.com/staff-directory,
http://goeasterneagles.com/staff-directory,
http://goeclions.com/staff-directory,
http://goetbutigers.com/staff-directory,
http://goexplorers.com/staff-directory,
http://gofalconsports.com/staff-directory,
http://gofightingsaints.com/staff-directory,
http://gofightingscots.com/staff-directory,
http://gofrogs.com/staff-directory,
http://gogeoducks.com/staff-directory,
http://gogriffons.com/staff-directory,
http://gogriffs.com/staff-directory,
http://gogriz.com/staff-directory,
http://gogryphons.com/staff-directory,
http://gohatters.com/staff-directory,
http://goheels.com/staff-directory,
http://gohighlanders.com/staff-directory,
http://gohilltoppers.com/staff-directory,
http://gohofstra.com/staff-directory,
http://goholycross.com/staff-directory,
http://gohuskies.com/staff-directory,
http://goislanders.com/staff-directory,
http://gojacks.com/staff-directory,
http://gojagsports.com/staff-directory,
http://gojaspers.com/staff-directory,
http://gojohnnies.com/staff-directory,
http://gojsutigers.com/staff-directory,
http://golcdragons.com/staff-directory,
http://goldenbearathletics.com/staff-directory,
http://goldenbullsports.com/staff-directory,
http://goldeneaglesports.com/staff-directory,
http://goldengrizzlies.com/staff-directory,
http://goldentigersports.com/staff-directory,
http://goleafs.net/staff-directory,
http://goleathernecks.com/staff-directory,
http://goleeflames.com/staff-directory,
http://goleopards.com/staff-directory,
http://golhu.com/staff-directory,
http://golightsgo.com/staff-directory,
http://golimestonesaints.com/staff-directory,
http://golinfieldwildcats.com/staff-directory,
http://golutes.com/staff-directory,
http://gomacsports.com/staff-directory,
http://gomajors.com/staff-directory,
http://gomarquette.com/staff-directory,
http://gomason.com/staff-directory,
http://gomastodons.com/staff-directory,
http://gomatadors.com/staff-directory,
http://gomcpanthers.com/staff-directory,
http://gomessiah.com/staff-directory,
http://gomightymacs.com/staff-directory,
http://gomightyoaks.com/staff-directory,
http://gomocs.com/staff-directory,
http://gomountaineers.com/staff-directory,
http://gomountainlions.com/staff-directory,
http://gomounties.com/staff-directory,
http://gomulions.com/staff-directory,
http://gomustangs.com/staff-directory,
http://goneosho.com/staff-directory,
http://gonyuathletics.com/staff-directory,
http://gopack.com/staff-directory,
http://gopatriotathletics.com/staff-directory,
http://gopeacepacers.com/staff-directory,
http://gopetrels.com/staff-directory,
http://gophersports.com/staff-directory,
http://gopios.com/staff-directory,
http://gopoly.com/staff-directory,
http://goprattgo.com/staff-directory,
http://gopresidents.com/staff-directory,
http://goprincetontigers.com/staff-directory,
http://gopsusports.com/staff-directory,
http://gopurpleaces.com/staff-directory,
http://goracers.com/staff-directory,
http://goredbirds.com/staff-directory,
http://goredfoxes.com/staff-directory,
http://goriverhawks.com/staff-directory,
http://goriverhawksgo.com/staff-directory,
http://gorockers.com/staff-directory,
http://goroughriders.com/staff-directory,
http://gorunners.com/staff-directory,
http://gosaxons.com/staff-directory,
http://goseattleu.com/staff-directory,
http://goseawolves.com/staff-directory,
http://goshockers.com/staff-directory,
http://goshorterhawks.com/staff-directory,
http://goskyhawks.com/staff-directory,
http://goslugs.com/staff-directory,
http://gosoutheastern.com/staff-directory,
http://gostanford.com/staff-directory,
http://gostatesmen.com/staff-directory,
http://goswords.com/staff-directory,
http://gosycamores.com/staff-directory,
http://goterriers.com/staff-directory,
http://gothunderwolves.com/staff-directory,
http://gotigersgo.com/staff-directory,
http://goumary.com/staff-directory,
http://gounitedeast.com/staff-directory,
http://gousfbulls.com/staff-directory,
http://gousieagles.com/staff-directory,
http://goutrgv.com/staff-directory,
http://goutsa.com/staff-directory,
http://gouvu.com/staff-directory,
http://govalkyries.com/staff-directory,
http://govandals.com/staff-directory,
http://goviks.com/staff-directory,
http://govsutrojans.com/staff-directory,
http://gowarriorathletics.com/staff-directory,
http://gowilkesu.com/staff-directory,
http://gowyo.com/staff-directory,
http://goxavier.com/staff-directory,
http://goyaks.com/staff-directory,
http://goyotes.com/staff-directory,
http://gozags.com/staff-directory,
http://gozips.com/staff-directory,
http://gracetigers.com/staff-directory,
http://grccraiders.com/staff-directory,
http://greatamericanconference.com/staff-directory,
http://greatmidwestsports.com/staff-directory,
http://greenbayphoenix.com/staff-directory,
http://greensborocollegesports.com/staff-directory,
http://griffinathletics.com/staff-directory,
http://gscpioneers.com/staff-directory,
http://gseagles.com/staff-directory,
http://gsutigers.com/staff-directory,
http://guhoyas.com/staff-directory,
http://guilfordquakers.com/staff-directory,
http://gvsulakers.com/staff-directory,
http://gwsports.com/staff-directory,
http://gwusports.com/staff-directory,
http://gwyneddathletics.com/staff-directory,
http://hailstate.com/staff-directory,
http://hamlineathletics.com/staff-directory,
http://hamptonpirates.com/staff-directory,
http://hardingsports.com/staff-directory,
http://harperhawks.net/staff-directory,
http://hartwickhawks.com/staff-directory,
http://heartlandhawks.com/staff-directory,
http://hendrixwarriors.com/staff-directory,
http://herdzone.com/staff-directory,
http://highlandcougars.com/staff-directory,
http://highpointpanthers.com/staff-directory,
http://hilberthawks.com/staff-directory,
http://hilltoppersports.com/staff-directory,
http://hiloathletics.com/staff-directory,
http://hiwasseetigers.com/staff-directory,
http://hlgtrojans.com/staff-directory,
http://hnuhawks.com/staff-directory,
http://hokiesports.com/staff-directory,
http://hollinssports.com/staff-directory,
http://hoodathletics.com/staff-directory,
http://hopkinssports.com/staff-directory,
http://horizonleague.org/staff-directory,
http://hornetsathletics.com/staff-directory,
http://hostosathletics.com/staff-directory,
http://howardccdragons.com/staff-directory,
http://hpusharks.com /staff-directory,
http://hscathletics.com/staff-directory,
http://hsusports.com/staff-directory,
http://hubison.com/staff-directory,
http://humboldtathletics.com/staff-directory,
http://hurstathletics.com/staff-directory,
http://huskers.com/staff-directory,
http://hwsathletics.com/staff-directory,
http://hwsathletics.com/staff-directory,
http://icgaels.com/staff-directory,
http://illinoiscentralcougars.com/staff-directory,
http://indianatechwarriors.com/staff-directory,
http://isubengals.com/staff-directory,
http://iuhoosiers.com/staff-directory,
http://iukcougars.com/staff-directory,
http://iupathletics.com/staff-directory,
http://iupuijags.com/staff-directory,
http://iwusports.com/staff-directory,
http://javelinaathletics.com/staff-directory,
http://jbuathletics.com/staff-directory,
http://jcbobcats.com/staff-directory,
http://jeffersonrams.com/staff-directory,
http://jessupathletics.com/staff-directory,
http://jewellcardinals.com/staff-directory,
http://jjcwolves.com/staff-directory,
http://jmusports.com/staff-directory,
http://johnjayathletics.com/staff-directory,
http://jsugamecocksports.com/staff-directory,
http://jucogj.org//staff-directory,
http://judolphins.com/staff-directory,
http://kccathletics.com/staff-directory,
http://kcroos.com/staff-directory,
http://keanathletics.com/staff-directory,
http://keeneowls.com/staff-directory,
http://kentstatesports.com/staff-directory,
http://kohawkathletics.com/staff-directory,
http://kstatesports.com/staff-directory,
http://ksuthorobreds.com/staff-directory,
http://kubears.com/staff-directory,
http://kuseahawks.com/staff-directory,
http://kwcpanthers.com/staff-directory,
http://lagoldeneagles.com/staff-directory,
http://lakelandmuskies.com/staff-directory,
http://lamarcardinals.com/staff-directory,
http://landerbearcats.com/staff-directory,
http://langstonsports.com/staff-directory,
http://latechsports.com/staff-directory,
http://lbcchargers.com/staff-directory,
http://lccreddevils.com/staff-directory,
http://lcuchaps.com/staff-directory,
http://lcwarriors.com/staff-directory,
http://lcwildcats.net//staff-directory,
http://lehighsports.com/staff-directory,
http://lehmanathletics.com/staff-directory,
http://lemoynedolphins.com/staff-directory,
http://letsgopeay.com/staff-directory,
http://letuathletics.com/staff-directory,
http://lewisflyers.com/staff-directory,
http://libertyleagueathletics.com/staff-directory,
http://liferunningeagles.com/staff-directory,
http://lincolnlandloggers.com/staff-directory,
http://lionathletics.com/staff-directory,
http://lionsports.net/staff-directory,
http://lipscombsports.com/staff-directory,
http://littleeast.com/staff-directory,
http://liuathletics.com/staff-directory,
http://lmcbobcats.com/staff-directory,
http://lmulions.com/staff-directory,
http://lmurailsplitters.com/staff-directory,
http://loggerathletics.com/staff-directory,
http://lonestarconference.org/staff-directory,
http://longbeachstate.com/staff-directory,
http://loyolagreyhounds.com/staff-directory,
http://loyolaramblers.com/staff-directory,
http://lrbears.com/staff-directory,
http://lrtrojans.com/staff-directory,
http://lscathletics.com/staff-directory,
http://ltuathletics.com/staff-directory,
http://lubluetigers.com/staff-directory,
http://lulions.com/staff-directory,
http://lunaathletics.com/staff-directory,
http://luthernorse.com/staff-directory,
http://lycomingathletics.com/staff-directory,
http://lyonscots.com/staff-directory,
http://macuathletics.com/staff-directory,
http://madisoncollegeathletics.com/staff-directory,
http://malonepioneers.com/staff-directory,
http://maryvillesaints.com/staff-directory,
http://marywoodpacers.com/staff-directory,
http://matcstormers.com/staff-directory,
http://mbuspartans.com/staff-directory,
http://mchighlanders.com/staff-directory,
http://mckbearcats.com/staff-directory,
http://mcneesesports.com/staff-directory,
http://meacsports.com/staff-directory,
http://meangreensports.com/staff-directory,
http://mercerbears.com/staff-directory,
http://mercyathletics.com/staff-directory,
http://merrimackathletics.com/staff-directory,
http://mgaknights.com/staff-directory,
http://mgoblue.com/staff-directory,
http://miamiredhawks.com/staff-directory,
http://midwestconference.org//staff-directory,
http://minerathletics.com/staff-directory,
http://minesathletics.com/staff-directory,
http://missouristatebears.com/staff-directory,
http://mitathletics.com/staff-directory,
http://mivavolleyball.com/staff-directory,
http://mkepanthers.com/staff-directory,
http://mlcknights.com/staff-directory,
http://mnusports.com/staff-directory,
http://molloylions.com/staff-directory,
http://monmouthhawks.com/staff-directory,
http://monmouthscots.com/staff-directory,
http://monroecollegemustangs.com/staff-directory,
http://monroeexpress.com/staff-directory,
http://montclairathletics.com/staff-directory,
http://montevallofalcons.com/staff-directory,
http://montreatcavaliers.com/staff-directory,
http://morehouseathletics.com/staff-directory,
http://morriscougars.com/staff-directory,
http://morrisvillemustangs.com/staff-directory,
http://mountaineast.org/staff-directory,
http://mountaineerathleticclub.com/staff-directory,
http://mountathletics.com/staff-directory,
http://mountieathletics.com/staff-directory,
http://mpsports.org/staff-directory,
http://mscaggies.com/staff-directory,
http://msjlions.com/staff-directory,
http://mssulions.com/staff-directory,
http://msubeavers.com/staff-directory,
http://msubobcats.com/staff-directory,
http://msubsports.com/staff-directory,
http://msucomets.com/staff-directory,
http://msumdragons.com/staff-directory,
http://msumustangs.com/staff-directory,
http://msuspartans.com/staff-directory,
http://mucrusaders.com/staff-directory,
http://muhlenbergsports.com/staff-directory,
http://muleriderathletics.com/staff-directory,
http://muspartans.com/staff-directory,
http://mutigers.com/staff-directory,
http://mvc-sports.com/staff-directory,
http://mvsusports.com/staff-directory,
http://mybullsclub.com/staff-directory,
http://n4csports.com/staff-directory,
http://nassaulions.com/staff-directory,
http://navysports.com/staff-directory,
http://nazathletics.com/staff-directory,
http://ncataggies.com/staff-directory,
http://nccsentinels.com/staff-directory,
http://nccspartans.com/staff-directory,
http://ncurams.com/staff-directory,
http://neoathletics.com/staff-directory,
http://nescac.com/staff-directory,
http://nevadawolfpack.com/staff-directory,
http://newberrywolves.com/staff-directory,
http://newhavenchargers.com/staff-directory,
http://newmanjets.com/staff-directory,
http://nguathletics.com/staff-directory,
http://niuhuskies.com/staff-directory,
http://njcugothicknights.com/staff-directory,
http://nkunorse.com/staff-directory,
http://nmhuathletics.com/staff-directory,
http://nmstatesports.com/staff-directory,
http://nmuwildcats.com/staff-directory,
http://northcentralcardinals.com/staff-directory,
http://northeastconference.org/staff-directory,
http://northernsun.org/staff-directory,
http://northlandcollegesports.com/staff-directory,
http://northlandpioneers.com/staff-directory,
http://nsudemons.com/staff-directory,
http://nsuwolves.com/staff-directory,
http://ntcceagles.com/staff-directory,
http://nueagles.com/staff-directory,
http://nuhuskies.com/staff-directory,
http://nusports.com/staff-directory,
http://nwccrangers.com/staff-directory,
http://nwcraiders.com/staff-directory,
http://nwcsports.com/staff-directory,
http://nwusports.com/staff-directory,
http://oakton-owls.com/staff-directory,
http://obubison.com/staff-directory,
http://oceagles.com/staff-directory,
http://ocusports.com/staff-directory,
http://odusports.com/staff-directory,
http://ohiobobcats.com/staff-directory,
http://okstate.com/staff-directory,
http://oldwestburypanthers.com/staff-directory,
http://olemisssports.com/staff-directory,
http://omavs.com/staff-directory,
http://oneontaathletics.com/staff-directory,
http://onondagalazers.com/staff-directory,
http://opsuaggies.com/staff-directory,
http://oregontechowls.com/staff-directory,
http://oruathletics.com/staff-directory,
http://osubeavers.com/staff-directory,
http://oswegolakers.com/staff-directory,
http://ottawabraves.com/staff-directory,
http://otterbeincardinals.com/staff-directory,
http://oua.ca/staff-directory,
http://ouazspirit.com/staff-directory,
http://ovcdigitalnetwork.com/staff-directory,
http://ovcsports.com/staff-directory,
http://owlsathletics.com/staff-directory,
http://owlsports.com/staff-directory,
http://pacathletics.org//staff-directory,
http://pacersports.com/staff-directory,
http://paceuathletics.com /staff-directory,
http://pacifictigers.com/staff-directory,
http://panthers.pcc.edu/staff-directory,
http://patriotathleticfund.com/staff-directory,
http://patriotleague.org/staff-directory,
http://pbasailfish.com/staff-directory,
http://pctwildcats.com/staff-directory,
http://peachbeltconference.org/staff-directory,
http://pennathletics.com/staff-directory,
http://pepperdinewaves.com/staff-directory,
http://pierceraiders.com/staff-directory,
http://pioneers.grinnell.edu/staff-directory,
http://pioneers.marietta.edu/staff-directory,
http://pittband.com/staff-directory,
http://pittgreensburgathletics.com/staff-directory,
http://pittjohnstownathletics.com/staff-directory,
http://pittsburghpanthers.com/staff-directory,
http://pittstategorillas.com/staff-directory,
http://pnwathletics.com/staff-directory,
http://portlandpilots.com/staff-directory,
http://potsdambears.com/staff-directory,
http://prairiefire.knox.edu/staff-directory,
http://prairiestateathletics.com/staff-directory,
http://principiaathletics.com/staff-directory,
http://pscbobcats.com/staff-directory,
http://psuberksathletics.com/staff-directory,
http://purchasecollegeathletics.com/staff-directory,
http://purduesports.com/staff-directory,
http://purpleeagles.com/staff-directory,
http://purplelightsfund.org/staff-directory,
http://pvpanthers.com/staff-directory,
http://qcctigers.com/staff-directory,
http://queensknights.com/staff-directory,
http://quhawks.com/staff-directory,
http://radfordathletics.com/staff-directory,
http://ragincajuns.com/staff-directory,
http://randolphwildcats.com/staff-directory,
http://rattlerathletics.com/staff-directory,
http://rec.bluehens.com/staff-directory,
http://recreation.gocrimson.com/staff-directory,
http://redeemerroyals.ca/staff-directory,
http://redstormsports.com/staff-directory,
http://regentroyals.com/staff-directory,
http://regisrangers.com/staff-directory,
http://riceowls.com/staff-directory,
http://richmondspiders.com/staff-directory,
http://riderangersride.com/staff-directory,
http://riponredhawks.com/staff-directory,
http://ritathletics.com/staff-directory,
http://ritchiecenter.du.edu/staff-directory,
http://rmacsports.org/staff-directory,
http://rmuclubsports.com/staff-directory,
http://rmucolonials.com/staff-directory,
http://roadrunnersathletics.com/staff-directory,
http://roarlions.com/staff-directory,
http://robertsredhawks.com/staff-directory,
http://rockathletics.com/staff-directory,
http://rockfordregents.com/staff-directory,
http://rockhursthawks.com/staff-directory,
http://rollinssports.com/staff-directory,
http://rollrivers.com/staff-directory,
http://rolltide.com/staff-directory,
http://rooathletics.com/staff-directory,
http://rosemont-ravens.com/staff-directory,
http://rowanathletics.com/staff-directory,
http://rpiathletics.com/staff-directory,
http://rscraiders.com/staff-directory,
http://rsuhillcats.com/staff-directory,
http://rutgersnewarkathletics.com/staff-directory,
http://rvcsports.com/staff-directory,
http://rwuhawks.com/staff-directory,
http://saa-sports.com/staff-directory,
http://sacredheartpioneers.com/staff-directory,
http://sagulions.com/staff-directory,
http://saintanselmhawks.com/staff-directory,
http://saintaugfalcons.com/staff-directory,
http://saintleolions.com/staff-directory,
http://saintpeterspeacocks.com/staff-directory,
http://saintsathletics.com/staff-directory,
http://salemtigers.com/staff-directory,
http://samfordsports.com/staff-directory,
http://saucougars.com/staff-directory,
http://savannah.scadathletics.com/staff-directory,
http://sbubearcats.com/staff-directory,
http://scarletknights.com/staff-directory,
http://scarletraptors.com/staff-directory,
http://scenicwestsports.com/staff-directory,
http://scottieathletics.com/staff-directory,
http://scsuhuskies.com/staff-directory,
http://scueagles.com/staff-directory,
http://section2athletics.org/staff-directory,
http://seminolestateraiders.com/staff-directory,
http://senatornation.com/staff-directory,
http://seueagles.com/staff-directory,
http://sewaneetigers.com/staff-directory,
http://sfajacks.com/staff-directory,
http://sfcathletics.com/staff-directory,
http://sfstategators.com/staff-directory,
http://shcbadgers.com/staff-directory,
http://shepherdrams.com/staff-directory,
http://shipraiders.com/staff-directory,
http://shupirates.com/staff-directory,
http://sienasaints.com/staff-directory,
http://simmonsfalcons.com/staff-directory,
http://simpsonredhawks.com/staff-directory,
http://siuecougars.com/staff-directory,
http://siusalukis.com/staff-directory,
http://sjsuspartans.com/staff-directory,
http://sjuhawks.com/staff-directory,
http://skidmoreathletics.com/staff-directory,
http://skylineconference.org/staff-directory,
http://slccbruins.com/staff-directory,
http://slubillikens.com/staff-directory,
http://smcgaels.com/staff-directory,
http://smcmathletics.com/staff-directory,
http://smithpioneers.com/staff-directory,
http://smsumustangs.com/staff-directory,
http://smumustangs.com/staff-directory,
http://smwcathletics.com/staff-directory,
http://snhupenmen.com/staff-directory,
http://snowbadgers.com/staff-directory,
http://soconsports.com/staff-directory,
http://sokaathletics.com/staff-directory,
http://sonomaseawolves.com/staff-directory,
http://soonersports.com/staff-directory,
http://souraiders.com/staff-directory,
http://southernctowls.com/staff-directory,
http://southernmainehuskies.com/staff-directory,
http://southernmiss.com/staff-directory,
http://southwestbearathletics.com/staff-directory,
http://spaldingathletics.com/staff-directory,
http://spcsports.org/staff-directory,
http://sports.hindscc.edu/staff-directory,
http://sports.wabash.edu/staff-directory,
http://spurgeonknights.com/staff-directory,
http://ssacsports.com/staff-directory,
http://ssuathletics.com/staff-directory,
http://stephensstars.com/staff-directory,
http://stevensducks.com/staff-directory,
http://stkatesathletics.com/staff-directory,
http://stocktonathletics.com/staff-directory,
http://stonybrookathletics.com/staff-directory,
http://stoutbluedevils.com/staff-directory,
http://stubobcats.com/staff-directory,
http://suhornets.com/staff-directory,
http://sullivangenerals.com/staff-directory,
http://sunbeltsports.org/staff-directory,
http://sunshinestateconference.com/staff-directory,
http://support.mgoblue.com/staff-directory,
http://suriverhawks.com/staff-directory,
http://suutbirds.com/staff-directory,
http://swac.org/staff-directory,
http://swarthmoreathletics.com/staff-directory,
http://swoccathletics.com/staff-directory,
http://swosuathletics.com/staff-directory,
http://swuathletics.com/staff-directory,
http://tacomatitans.com/staff-directory,
http://tcnjathletics.com/staff-directory,
http://terrapinclub.com/staff-directory,
http://texassports.com/staff-directory,
http://texastech.com/staff-directory,
http://tfcathletics.com/staff-directory,
http://theacc.com/staff-directory,
http://theamerican.org/staff-directory,
http://theciaa.com/staff-directory,
http://themiaa.com/staff-directory,
http://themw.com/staff-directory,
http://thencata.org/staff-directory,
http://thepacwest.com/staff-directory,
http://thesunconference.com/staff-directory,
http://thesundevils.com/staff-directory,
http://theuchc.com/staff-directory,
http://theuvc.org//staff-directory,
http://thielathletics.com/staff-directory,
http://tiutrojans.com/staff-directory,
http://tmbears.com/staff-directory,
http://tmcclizards.com/staff-directory,
http://tommiesports.com/staff-directory,
http://towsontigers.com/staff-directory,
http://transysports.com/staff-directory,
http://tribeathletics.com/staff-directory,
http://tritonathletics.com/staff-directory,
http://troytrojans.com/staff-directory,
http://trumanbulldogs.com/staff-directory,
http://tsusports.com/staff-directory,
http://tulanegreenwave.com/staff-directory,
http://tulsahurricane.com/staff-directory,
http://tunighthawks.com/staff-directory,
http://twuathletics.com/staff-directory,
http://txstatebobcats.com/staff-directory,
http://uabsports.com/staff-directory,
http://uafortsmithlions.com/staff-directory,
http://ualbanysports.com/staff-directory,
http://uamsports.com/staff-directory,
http://ubbulls.com/staff-directory,
http://ucasports.com/staff-directory,
http://ucdavisaggies.com/staff-directory,
http://ucfknights.com/staff-directory,
http://ucgoldeneagles.com/staff-directory,
http://ucirvinesports.com/staff-directory,
http://uclabruins.com/staff-directory,
http://ucmathletics.com/staff-directory,
http://uconnaverypointathletics.com/staff-directory,
http://uconnhuskies.com/staff-directory,
http://ucsdtritons.com/staff-directory,
http://udspartans.com/staff-directory,
http://uftlathletics.com/staff-directory,
http://uhcougars.com/staff-directory,
http://uicflames.com/staff-directory,
http://uiupeacocks.com/staff-directory,
http://uiwcardinals.com/staff-directory,
http://ukathletics.com/staff-directory,
http://ulmwarhawks.com/staff-directory,
http://umacathletics.com/staff-directory,
http://umassathletics.com/staff-directory,
http://umbcretrievers.com/staff-directory,
http://umdbulldogs.com/staff-directory,
http://umobilerams.com/staff-directory,
http://umotrojans.com/staff-directory,
http://umsltritons.com/staff-directory,
http://umterps.com/staff-directory,
http://umwbulldogs.com/staff-directory,
http://uncabulldogs.com/staff-directory,
http://uncbears.com/staff-directory,
http://uncgspartans.com/staff-directory,
http://uncpbraves.com/staff-directory,
http://uncwsports.com/staff-directory,
http://unfospreys.com/staff-directory,
http://ungathletics.com/staff-directory,
http://unhwildcats.com/staff-directory,
http://unionathletics.com/staff-directory,
http://unipanthers.com/staff-directory,
http://unlvrebels.com/staff-directory,
http://unoprivateers.com/staff-directory,
http://unweagles.com/staff-directory,
http://upargos.com/staff-directory,
http://upikebears.com/staff-directory,
http://upstatespartans.com/staff-directory,
http://upwithmontana.com/staff-directory,
http://ursulinearrows.com/staff-directory,
http://usajaguars.com/staff-directory,
http://uscfireants.com/staff-directory,
http://usclathletics.com/staff-directory,
http://usctrojans.com/staff-directory,
http://usdtoreros.com/staff-directory,
http://usfcougars.com/staff-directory,
http://usfdons.com/staff-directory,
http://uskathletics.com/staff-directory,
http://usmmasports.com/staff-directory,
http://usueasternathletics.com/staff-directory,
http://uswathletics.com/staff-directory,
http://utahstateaggies.com/staff-directory,
http://utahutes.com/staff-directory,
http://utamavs.com/staff-directory,
http://utdcomets.com/staff-directory,
http://utepathletics.com/staff-directory,
http://uterwincenter.com/staff-directory,
http://uticapioneers.com/staff-directory,
http://utmsports.com/staff-directory,
http://utrockets.com/staff-directory,
http://utsports.com/staff-directory,
http://uttylerpatriots.com/staff-directory,
http://uuathletics.com/staff-directory,
http://uublueknights.com/staff-directory,
http://uvawisecavs.com/staff-directory,
http://uvfpatriots.com/staff-directory,
http://uvmathletics.com/staff-directory,
http://uwaathletics.com/staff-directory,
http://uwbadgers.com/staff-directory,
http://uwgsports.com/staff-directory,
http://uwolves.com/staff-directory,
http://uwrfsports.com/staff-directory,
http://uwsyellowjackets.com/staff-directory,
http://uwwsports.com/staff-directory,
http://valley-football.org/staff-directory,
http://vassarathletics.com/staff-directory,
http://vcuathletics.com/staff-directory,
http://vikings.lawrence.edu/staff-directory,
http://villanova.com/staff-directory,
http://villavikings.com/staff-directory,
http://vixenathletics.com/staff-directory,
http://vmikeydets.com/staff-directory,
http://vstateblazers.com/staff-directory,
http://vuusports.com/staff-directory,
http://vwuathletics.com/staff-directory,
http://waynesburgsports.com/staff-directory,
http://wbuathletics.com/staff-directory,
http://wccsports.com/staff-directory,
http://wcupagoldenrams.com/staff-directory,
http://webberathletics.com/staff-directory,
http://weberstatesports.com/staff-directory,
http://wesleyanbobcats.com/staff-directory,
http://westconnathletics.com/staff-directory,
http://westminstergriffins.com/staff-directory,
http://whitworthpirates.com/staff-directory,
http://wiacsports.com/staff-directory,
http://widenerpride.com/staff-directory,
http://wildcatsports.com/staff-directory,
http://wilsonphoenix.com/staff-directory,
http://wingatebulldogs.com/staff-directory,
http://winonastatewarriors.com/staff-directory,
http://winthropeagles.com/staff-directory,
http://wkusports.com/staff-directory,
http://wmubroncos.com/staff-directory,
http://wnmumustangs.com/staff-directory,
http://woffordterriers.com/staff-directory,
http://wouwolves.com/staff-directory,
http://wpuknights.com/staff-directory,
http://wpupioneers.com/staff-directory,
http://wscwildcats.com/staff-directory,
http://wsuathletics.com/staff-directory,
http://wsucougars.com/staff-directory,
http://wsuraiders.com/staff-directory,
http://wucardinals.com/staff-directory,
http://wusports.com/staff-directory,
http://wvusports.com/staff-directory,
http://wwuvikings.com/staff-directory,
http://www.acphsathletics.com/staff-directory,
http://www.alaskananooks.com/staff-directory,
http://www.albrightathletics.com/staff-directory,
http://www.alcornsports.com/staff-directory,
http://www.angelosports.com/staff-directory,
http://www.aupanthers.com/staff-directory,
http://www.avemariagyrenes.com/staff-directory,
http://www.averettcougars.com/staff-directory,
http://www.battlingbishops.com/staff-directory,
http://www.bigskyconf.com/staff-directory,
http://www.blcvikings.com/staff-directory,
http://www.bluebearathletics.com/staff-directory,
http://www.broncoathletics.com/staff-directory,
http://www.bsubulldogs.com/staff-directory,
http://www.cabriniathletics.com/staff-directory,
http://www.cairnhighlanders.com/staff-directory,
http://www.cameronaggies.com/staff-directory,
http://www.cascadeconference.org/staff-directory,
http://www.cbubucs.com/staff-directory,
http://www.ciurams.com/staff-directory,
http://www.clariongoldeneagles.com/staff-directory,
http://www.cnusports.com/staff-directory,
http://www.cornellbigred.com/staff-directory,
http://www.csusbathletics.com/staff-directory,
http://www.cucougars.com/staff-directory,
http://www.cuieagles.com/staff-directory,
http://www.cumountainlions.com/staff-directory,
http://www.detroittitans.com/staff-directory,
http://www.eckerdtritons.com/staff-directory,
http://www.edgewoodcollegeeagles.com/staff-directory,
http://www.eiupanthers.com/staff-directory,
http://www.ekusports.com/staff-directory,
http://www.elonphoenix.com/staff-directory,
http://www.etownbluejays.com/staff-directory,
http://www.fairfieldstags.com/staff-directory,
http://www.franciscanathletics.com/staff-directory,
http://www.fulions.com/staff-directory,
http://www.fvsusports.com/staff-directory,
http://www.gettysburgsports.com/staff-directory,
http://www.goboxers.com/staff-directory,
http://www.gochoctaws.com/staff-directory,
http://www.godutchmen.com/staff-directory,
http://www.gogoldenknights.com/staff-directory,
http://www.gokcgiants.com/staff-directory,
http://www.GoSoutheast.com/staff-directory,
http://www.gotoros.com/staff-directory,
http://www.govaliants.com/staff-directory,
http://www.gowccvikings.com/staff-directory,
http://www.goyeo.com/staff-directory,
http://www.gscsports.org//staff-directory,
http://www.harfordathletics.com/staff-directory,
http://www.hartfordhawks.com/staff-directory,
http://www.hawaiiathletics.com/staff-directory,
http://www.hbuhuskies.com/staff-directory,
http://www.heartlandsports.org/staff-directory,
http://www.hpusports.com/staff-directory,
http://www.huntercollegeathletics.com/staff-directory,
http://www.illinoiscollegeathletics.com/staff-directory,
http://www.ivyleague.com/staff-directory,
http://www.jcusports.com/staff-directory,
http://www.kingscollegeathletics.com/staff-directory,
http://www.ksuowls.com/staff-directory,
http://www.lindenwoodlions.com/staff-directory,
http://www.longwoodlancers.com/staff-directory,
http://www.lopers.com/staff-directory,
http://www.lourdesathletics.com/staff-directory,
http://www.maacsports.com/staff-directory,
http://www.macbulldogs.com/staff-directory,
http://www.maraudersports.com/staff-directory,
http://www.maritimeathletics.com/staff-directory,
http://www.mcmurrysports.com/staff-directory,
http://www.mecathletics.com/staff-directory,
http://www.medaillesports.com/staff-directory,
http://www.milesgoldenbears.com/staff-directory,
http://www.millersvilleathletics.com/staff-directory,
http://www.morganstatebears.com/staff-directory,
http://www.msmcknights.com/staff-directory,
http://www.msueagles.com/staff-directory,
http://www.msumavericks.com/staff-directory,
http://www.mumonarchs.com/staff-directory,
http://www.nauathletics.com/staff-directory,
http://www.nccueaglepride.com/staff-directory,
http://www.ndnuargos.com/staff-directory,
http://www.neumannathletics.com/staff-directory,
http://www.nicholsathletics.com/staff-directory,
http://www.njacsports.com/staff-directory,
http://www.njithighlanders.com/staff-directory,
http://www.nnusports.com/staff-directory,
http://www.notredamefalcons.com/staff-directory,
http://www.notredamegators.com/staff-directory,
http://www.nphawks.com/staff-directory,
http://www.nsusharks.com/staff-directory,
http://www.nsuspartans.com/staff-directory,
http://www.obutigers.com/staff-directory,
http://www.otterathletics.com/staff-directory,
http://www.paineathletics.com/staff-directory,
http://www.parksiderangers.com/staff-directory,
http://www.pcceagles.com/staff-directory,
http://www.piedmontlions.com/staff-directory,
http://www.plnusealions.com/staff-directory,
http://www.posteagles.com/staff-directory,
http://www.psacsports.org/staff-directory,
http://www.queensathletics.com/staff-directory,
http://www.ramapoathletics.com/staff-directory,
http://www.ramsports.net/staff-directory,
http://www.rhodeslynx.com/staff-directory,
http://www.saintmaryssports.com/staff-directory,
http://www.scsuathletics.com/staff-directory,
http://www.sfuathletics.com/staff-directory,
http://www.smusaints.com/staff-directory,
http://www.snuathletics.com/staff-directory,
http://www.southland.org/staff-directory,
http://www.spufalcons.com/staff-directory,
http://www.srlobos.com/staff-directory,
http://www.stritchwolves.com/staff-directory,
http://www.tarletonsports.com/staff-directory,
http://www.thesiac.com/staff-directory,
http://www.uahchargers.com/staff-directory,
http://www.uapblionsroar.com/staff-directory,
http://www.uisprairiestars.com/staff-directory,
http://www.uofrathletics.com/staff-directory,
http://www.uscbathletics.com/staff-directory,
http://www.utpbfalcons.com/staff-directory,
http://www.uwlathletics.com/staff-directory,
http://www.wagnerathletics.com/staff-directory,
http://www.warnerroyals.com/staff-directory,
http://www.warriorathletics.com/staff-directory,
http://www.websterathletics.com/staff-directory,
http://www.wvsuyellowjackets.com/staff-directory,
http://www.wwuowls.com/staff-directory,
http://www.yumacs.com/staff-directory,
http://www2.atlanta.scadathletics.com/staff-directory,
http://xulagold.com/staff-directory,
http://yalebulldogs.com/staff-directory,
http://ycpspartans.com/staff-directory,
http://yellowjackets.cedarville.edu/staff-directory,
http://yhcathletics.com/staff-directory,
http://yorkathletics.com/staff-directory,
http://yoteathletics.com/staff-directory,
http://ysusports.com/staff-directory,